name,owner,language,stars,forks,watchers,open_issues,created_date,updated_date,license
tensorflow,tensorflow,C++,196659,75770,196659,2959,2015-11-07 01:19:20+00:00,2026-08-02 13:55:59+00:00,Apache License 2.0
transformers,huggingface,Python,163251,34092,163251,2322,2018-10-29 13:56:00+00:00,2026-08-02 14:18:32+00:00,Apache License 2.0
ML-For-Beginners,microsoft,Jupyter Notebook,88889,21758,88889,7,2021-03-03 01:34:05+00:00,2026-08-02 13:46:06+00:00,MIT License
funNLP,fighting41love,Python,82200,15266,82200,52,2018-08-21 11:20:39+00:00,2026-08-02 14:21:01+00:00,No License
awesome-machine-learning,josephmisiti,Python,73840,15583,73840,20,2014-07-15 19:11:19+00:00,2026-08-02 12:20:49+00:00,Other
scikit-learn,scikit-learn,Python,66853,27251,66853,2112,2010-08-17 09:43:38+00:00,2026-08-02 13:09:51+00:00,"BSD 3-Clause ""New"" or ""Revised"" License"
gradio,gradio-app,Python,43267,3566,43267,206,2018-12-19 08:24:04+00:00,2026-08-02 11:50:08+00:00,Apache License 2.0
500-AI-Machine-learning-Deep-learning-Computer-vision-NLP-Projects-with-code,ashishpatel26,Unknown,35886,7395,35886,67,2021-01-02 12:08:37+00:00,2026-08-02 14:21:52+00:00,No License
C-Plus-Plus,TheAlgorithms,C++,34540,7843,34540,43,2016-07-16 10:19:45+00:00,2026-08-02 11:23:48+00:00,MIT License
netron,lutzroeder,JavaScript,33294,3175,33294,18,2010-12-26 12:53:43+00:00,2026-08-02 10:54:03+00:00,MIT License
ML-From-Scratch,eriklindernoren,Python,32403,5424,32403,76,2017-02-05 12:11:23+00:00,2026-08-02 14:17:25+00:00,MIT License
applied-ml,eugeneyan,Unknown,29980,3975,29980,8,2020-07-04 18:57:47+00:00,2026-08-02 13:40:24+00:00,MIT License
machine-learning-for-software-engineers,ZuzooVn,Unknown,28845,6153,28845,32,2016-10-09 21:20:25+00:00,2026-08-02 12:05:43+00:00,Creative Commons Attribution Share Alike 4.0 International
linkedin-skill-assessments-quizzes,Ebazhanov,Python,28806,12918,28806,21,2019-07-13 19:52:56+00:00,2026-08-02 11:11:24+00:00,GNU Affero General Public License v3.0
cs249r_book,harvard-edge,Python,27687,3420,27687,39,2023-09-06 19:31:06+00:00,2026-08-02 14:06:00+00:00,Other
shap,shap,Jupyter Notebook,25663,3734,25663,1041,2016-11-22 19:17:08+00:00,2026-08-02 12:56:38+00:00,MIT License
homemade-machine-learning,trekhleb,Jupyter Notebook,24724,4192,24724,31,2018-11-01 04:34:19+00:00,2026-08-02 12:43:30+00:00,MIT License
Paddle,PaddlePaddle,C++,24040,6013,24040,1536,2016-08-15 06:59:08+00:00,2026-08-01 13:14:34+00:00,Apache License 2.0
best-of-ml-python,lukasmasuch,Unknown,23700,3140,23700,51,2020-11-29 19:41:36+00:00,2026-08-02 00:48:48+00:00,Creative Commons Attribution Share Alike 4.0 International
C,TheAlgorithms,C,22301,4767,22301,19,2016-07-16 10:17:03+00:00,2026-08-02 10:31:28+00:00,GNU General Public License v3.0
rasa,RasaHQ,Python,21273,4918,21273,152,2016-10-14 12:27:49+00:00,2026-08-02 09:14:55+00:00,Apache License 2.0
onnx,onnx,Python,21251,3979,21251,280,2017-09-07 04:53:45+00:00,2026-08-02 13:43:26+00:00,Apache License 2.0
awesome-production-machine-learning,EthicalML,Unknown,20814,2589,20814,31,2018-08-15 14:28:41+00:00,2026-08-02 02:02:12+00:00,MIT License
video2x,k4yt3x,C++,20710,1787,20710,124,2018-02-24 16:34:41+00:00,2026-08-02 13:32:02+00:00,GNU Affero General Public License v3.0
machine-learning-for-trading,stefan-jansen,Jupyter Notebook,20239,5473,20239,2,2018-05-09 12:33:08+00:00,2026-08-02 14:23:12+00:00,MIT License
stanford-cs-229-machine-learning,afshinea,Unknown,20015,4234,20015,20,2018-08-04 23:01:00+00:00,2026-08-02 12:20:09+00:00,MIT License
ml-agents,Unity-Technologies,C#,19600,4480,19600,18,2017-09-08 21:09:04+00:00,2026-08-02 06:14:00+00:00,Other
LightGBM,lightgbm-org,C++,18654,4047,18654,509,2016-08-05 05:45:50+00:00,2026-08-02 12:38:42+00:00,MIT License
ml-engineering,stas00,Python,18508,1183,18508,2,2020-09-02 19:23:01+00:00,2026-08-02 10:28:13+00:00,Creative Commons Attribution Share Alike 4.0 International
Machine-Learning-Tutorials,ujjwalkarn,Unknown,18059,3970,18059,47,2015-09-12 14:51:38+00:00,2026-08-02 09:40:14+00:00,Creative Commons Zero v1.0 Universal
ML-NLP,NLP-LOVE,Jupyter Notebook,17780,4630,17780,36,2019-07-05 12:49:53+00:00,2026-08-02 06:22:02+00:00,No License
brpc,apache,C++,17571,4128,17571,469,2017-09-04 09:28:47+00:00,2026-08-01 08:00:29+00:00,Apache License 2.0
ML-YouTube-Courses,dair-ai,Unknown,17345,2118,17345,21,2021-06-25 09:39:16+00:00,2026-08-02 13:46:26+00:00,Creative Commons Zero v1.0 Universal
numpy-ml,ddbourgin,Python,16338,3750,16338,48,2019-04-06 22:29:49+00:00,2026-08-02 14:15:39+00:00,GNU General Public License v3.0
transformers.js,huggingface,JavaScript,16223,1172,16223,265,2023-02-13 13:51:45+00:00,2026-08-01 21:32:36+00:00,Apache License 2.0
mml-book.github.io,mml-book,Jupyter Notebook,15828,2827,15828,197,2017-12-08 10:52:21+00:00,2026-08-02 12:02:58+00:00,No License
kubeflow,kubeflow,Unknown,15803,2690,15803,0,2017-11-30 18:44:19+00:00,2026-08-01 15:44:58+00:00,Apache License 2.0
cheatsheets-ai,kailashahirwar,Unknown,15426,3380,15426,12,2017-05-24 12:06:56+00:00,2026-08-02 08:15:20+00:00,MIT License
Qix,ty4z2008,Unknown,15173,4584,15173,0,2014-04-20 11:03:15+00:00,2026-08-01 23:02:55+00:00,Other
ggml,ggml-org,C++,15102,1756,15102,348,2022-09-18 17:07:19+00:00,2026-08-02 14:11:51+00:00,MIT License
imgaug,aleju,Python,14737,2450,14737,312,2015-07-10 20:31:33+00:00,2026-07-31 19:02:09+00:00,MIT License
bullet3,bulletphysics,C++,14648,3082,14648,422,2011-04-12 18:45:08+00:00,2026-08-02 10:32:55+00:00,Other
ChatterBot,gunthercox,Python,14504,4422,14504,73,2014-09-28 14:49:00+00:00,2026-08-02 01:37:48+00:00,"BSD 3-Clause ""New"" or ""Revised"" License"
dlib,davisking,C++,14431,3447,14431,42,2014-01-29 00:45:33+00:00,2026-07-31 08:13:39+00:00,Boost Software License 1.0
nni,microsoft,Python,14364,1853,14364,415,2018-06-01 05:51:44+00:00,2026-08-01 04:55:58+00:00,MIT License
mit-deep-learning-book-pdf,janishar,Java,14181,2907,14181,12,2017-04-07 10:46:50+00:00,2026-08-02 01:09:06+00:00,No License
ivy,unifyai,Python,14173,5474,14173,984,2021-01-19 08:37:25+00:00,2026-08-01 20:23:30+00:00,Other
handson-ml3,ageron,Jupyter Notebook,13860,5219,13860,106,2022-02-19 09:43:22+00:00,2026-08-02 12:50:13+00:00,Apache License 2.0
machine-learning-zoomcamp,DataTalksClub,Jupyter Notebook,13837,3081,13837,1,2020-04-17 04:29:23+00:00,2026-08-02 13:29:53+00:00,No License
tvm,apache,Python,13637,3937,13637,209,2016-10-12 22:20:28+00:00,2026-08-02 07:56:28+00:00,Apache License 2.0
Ai-Learn,tangyudi,Unknown,13207,2666,13207,20,2020-01-28 01:55:06+00:00,2026-08-02 05:33:41+00:00,No License
deep-learning-drizzle,kmario23,HTML,12915,2990,12915,5,2018-11-26 01:17:36+00:00,2026-08-02 06:08:24+00:00,No License
machine-learning-interview,khangich,Unknown,12751,2041,12751,9,2020-08-11 06:26:32+00:00,2026-08-02 08:18:54+00:00,No License
python-machine-learning-book,rasbt,Jupyter Notebook,12634,4378,12634,13,2015-08-07 20:39:29+00:00,2026-08-02 14:06:31+00:00,MIT License
predictionio,apache,Scala,12518,1900,12518,80,2013-01-25 19:42:32+00:00,2026-07-31 19:01:05+00:00,Apache License 2.0
lime,marcotcr,JavaScript,12161,1846,12161,133,2016-03-15 22:18:10+00:00,2026-08-01 11:01:48+00:00,"BSD 2-Clause ""Simplified"" License"
cleanlab,cleanlab,Python,11612,911,11612,113,2018-05-11 01:55:21+00:00,2026-07-31 18:09:03+00:00,Apache License 2.0
dive-into-machine-learning,dive-into-machine-learning,Unknown,11397,1871,11397,0,2015-02-22 23:48:16+00:00,2026-08-02 01:01:27+00:00,Creative Commons Attribution 4.0 International
turicreate,apple,C++,11161,1120,11161,522,2017-12-01 00:42:04+00:00,2026-07-27 07:12:29+00:00,"BSD 3-Clause ""New"" or ""Revised"" License"
MLAlgorithms,rushter,Python,11154,1771,11154,10,2016-10-05 06:46:45+00:00,2026-08-02 14:09:22+00:00,MIT License
amazon-sagemaker-examples,aws,Jupyter Notebook,10976,6964,10976,850,2017-10-23 05:55:22+00:00,2026-08-01 00:07:54+00:00,Apache License 2.0
A-Curated-List-of-ML-System-Design-Case-Studies,Engineer1999,Unknown,10892,1673,10892,6,2024-05-18 15:42:58+00:00,2026-08-02 10:59:31+00:00,No License
dolly,databrickslabs,Python,10805,1142,10805,6,2023-03-24 16:15:53+00:00,2026-08-01 00:07:31+00:00,Apache License 2.0
doccano,doccano,Python,10730,1824,10730,395,2018-05-09 06:10:05+00:00,2026-08-02 12:19:40+00:00,MIT License
mlcourse.ai,Yorko,Python,10685,5707,10685,4,2017-02-27 08:32:20+00:00,2026-08-02 10:48:01+00:00,Other
machine-learning-systems-design,chiphuyen,HTML,10476,1618,10476,11,2019-11-24 23:16:28+00:00,2026-08-02 10:29:32+00:00,No License
Machine-Learning,Jack-Cherish,Python,10359,5073,10359,7,2017-03-25 07:32:37+00:00,2026-08-02 02:55:46+00:00,No License
3D-Machine-Learning,timzhang642,Unknown,10189,1800,10189,21,2017-08-12 15:20:54+00:00,2026-08-01 17:33:10+00:00,No License
tpot,EpistasisLab,Jupyter Notebook,10048,1563,10048,310,2015-11-03 21:08:40+00:00,2026-07-31 19:02:10+00:00,GNU Lesser General Public License v3.0
machine-learning-notes,roboticcam,Jupyter Notebook,10039,1800,10039,28,2018-02-15 15:42:33+00:00,2026-08-02 13:45:58+00:00,No License
sktime,sktime,Python,9897,2254,9897,2377,2018-11-06 15:08:24+00:00,2026-08-02 10:35:21+00:00,"BSD 3-Clause ""New"" or ""Revised"" License"
Stock-Prediction-Models,huseinzol05,Jupyter Notebook,9477,3051,9477,47,2017-12-18 10:49:59+00:00,2026-08-02 11:23:25+00:00,Apache License 2.0
cog,replicate,Go,9452,695,9452,81,2021-02-26 23:43:09+00:00,2026-08-01 11:10:38+00:00,Apache License 2.0
golearn,sjwhitworth,Go,9439,1168,9439,89,2013-12-26 13:06:14+00:00,2026-07-30 09:29:01+00:00,MIT License
machinelearning,dotnet,C#,9343,1949,9343,1006,2018-05-03 16:20:42+00:00,2026-07-31 21:32:10+00:00,MIT License
awesome-project-ideas,NirantK,Unknown,9240,1294,9240,7,2017-08-19 09:37:58+00:00,2026-08-02 05:08:38+00:00,MIT License
awesome-ml-for-cybersecurity,jivoi,Unknown,9233,1932,9233,33,2016-12-20 12:46:36+00:00,2026-08-02 11:11:14+00:00,Other
catboost,catboost,C++,9051,1315,9051,717,2017-07-18 05:29:04+00:00,2026-08-01 14:58:59+00:00,Apache License 2.0
machine_learning_examples,lazyprogrammer,Python,8905,6404,8905,33,2014-07-31 23:40:45+00:00,2026-08-02 11:51:43+00:00,No License
state-of-the-art-result-for-machine-learning-problems,RedditSota,Unknown,8898,1295,8898,14,2017-11-09 01:21:40+00:00,2026-08-01 08:35:33+00:00,Apache License 2.0
pattern,clips,Python,8859,1559,8859,179,2011-05-03 15:29:01+00:00,2026-07-30 18:46:39+00:00,"BSD 3-Clause ""New"" or ""Revised"" License"
financial-machine-learning,firmai,Python,8716,1406,8716,15,2019-03-21 21:00:35+00:00,2026-08-01 02:02:01+00:00,No License
machinelearning,ljpzzz,Jupyter Notebook,8708,3696,8708,17,2016-05-12 07:06:34+00:00,2026-07-30 07:53:46+00:00,MIT License
vowpal_wabbit,VowpalWabbit,C++,8692,1925,8692,2,2009-07-31 19:36:58+00:00,2026-08-01 17:50:02+00:00,Other
AIMLInterviews,alirezadir,Jupyter Notebook,8671,1510,8671,11,2021-01-31 03:52:09+00:00,2026-08-02 07:34:43+00:00,MIT License
MachineLearning_Python,lawlite19,Python,8555,2514,8555,10,2016-10-17 15:44:59+00:00,2026-07-31 14:57:08+00:00,MIT License
Machine-Learning-Collection,aladdinpersson,Python,8486,2789,8486,119,2020-03-26 07:02:40+00:00,2026-08-02 08:12:16+00:00,MIT License
approachingalmost,abhishekkrthakur,Unknown,8366,1121,8366,54,2020-07-04 07:13:20+00:00,2026-07-31 20:53:00+00:00,No License
introduction_to_ml_with_python,amueller,Jupyter Notebook,8134,4675,8134,28,2016-05-29 18:29:47+00:00,2026-08-01 08:16:24+00:00,No License
auto-sklearn,automl,Python,8127,1327,8127,209,2015-07-02 15:38:10+00:00,2026-08-02 03:50:17+00:00,"BSD 3-Clause ""New"" or ""Revised"" License"
machine-learning-cheat-sheet,soulmachine,TeX,8040,1334,8040,11,2013-05-09 07:43:59+00:00,2026-07-30 06:41:14+00:00,No License
cortex,cortexlabs,Go,8013,594,8013,131,2019-01-24 04:43:14+00:00,2026-07-28 04:46:23+00:00,Apache License 2.0
machine-learning-roadmap,mrdbourke,Unknown,7888,1171,7888,12,2020-07-09 07:07:47+00:00,2026-08-02 06:19:51+00:00,MIT License
machine-learning-yearning-cn,deeplearning-ai,CSS,7848,1503,7848,4,2018-06-19 19:26:39+00:00,2026-07-28 14:25:35+00:00,Other
Machine-learning-learning-notes,Vay-keen,Unknown,7756,1880,7756,28,2018-03-24 06:48:10+00:00,2026-07-31 10:23:31+00:00,No License
Machine-Learning-Specialization-Coursera,greyhatguy007,Jupyter Notebook,7705,3718,7705,25,2022-06-16 15:31:02+00:00,2026-08-02 10:56:34+00:00,MIT License
Learn_Machine_Learning_in_3_Months,llSourcell,Unknown,7610,2312,7610,19,2018-03-02 10:59:53+00:00,2026-08-01 03:01:15+00:00,No License
awesome-youtubers,JoseDeFreitas,Markdown,7593,489,7593,3,2020-08-25 14:18:15+00:00,2026-08-02 14:12:18+00:00,Creative Commons Zero v1.0 Universal
h2o-3,h2oai,Jupyter Notebook,7502,2028,7502,2878,2014-03-03 16:08:07+00:00,2026-08-01 00:19:06+00:00,Apache License 2.0
industry-machine-learning,firmai,Jupyter Notebook,7483,1251,7483,3,2019-05-03 05:08:15+00:00,2026-07-31 08:52:27+00:00,No License
